Book Id,Title,Author,Author l-f,Additional Authors,ISBN,ISBN13,My Rating,Average Rating,Publisher,Binding,Number of Pages,Year Published,Original Publication Year,Date Read,Date Added,Bookshelves,Bookshelves with positions,Exclusive Shelf,My Review,Spoiler,Private Notes,Read Count,Owned Copies
900001,Das Leuchten über Hallig Nord,Greta Holm,"Holm, Greta",,"=""3000000001""","=""9783000000011""",4,3.91,Nordlicht Verlag,Taschenbuch,312,2021,2021,2023/03/14,2023/01/02,,,read,,,,1,0
900002,"Salz, Stein und Sterne",Jonas Feld,"Feld, Jonas",,"=""3000000002""","=""9783000000028""",5,4.20,Kieselverlag,Gebundene Ausgabe,428,2022,2022,2023/07/02,2023/05/11,,,read,"Großartig. Mein Buch des Jahres.",,,1,1
900003,Die Uhrmacherin von Lindau,Clara Wendt,"Wendt, Clara",,"=""""","=""""",3,3.65,Bodensee Bücher,Taschenbuch,0,2020,2020,2023/10/09,2023/09/30,,,read,,,,1,0
900004,Nachtzug nach Tallinn,Mira Kask,"Kask, Mira",,"=""3000000004""","=""9783000000042""",4,3.80,Baltica,Taschenbuch,256,2019,2019,,2022/06/01,,,read,,,,1,0
900005,Der leise Kartograf,Henrik Bauer,"Bauer, Henrik",,"=""3000000005""","=""9783000000059""",4,4.05,Atlas & Feder,Gebundene Ausgabe,1184,2018,2018,2024/01/20,2023/11/02,,,read,,,,2,1
900006,Kleine Theorie des Regens,Ida Sommer,"Sommer, Ida",,"=""3000000006""","=""9783000000066""",5,4.31,Wolkenhaus,Broschiert,96,2023,2023,2024/02/11,2024/02/01,,,read,,,,1,0
900007,Das Archiv der verlorenen Sommer,Paul Reiter,"Reiter, Paul",,"=""3000000007""","=""9783000000073""",3,3.55,Kieselverlag,Taschenbuch,384,2021,2021,2024/05/30,2024/04/12,,,read,"Zitat: ""Nichts bleibt, nur das Erinnern.""
Zweite Zeile der Rezension, mit Komma, und noch mehr.",,,1,0
900008,Wolkenatlas für Anfänger,Lena Fuchs,"Fuchs, Lena",,"=""3000000008""","=""9783000000080""",0,3.70,Wolkenhaus,Taschenbuch,220,2022,2022,2024/08/08,2024/07/20,,,read,,,,1,0
900009,Die Fähre um Mitternacht,Tom Aalto,"Aalto, Tom",,"=""3000000009""","=""9783000000097""",4,3.98,Baltica,Taschenbuch,341,2023,2023,2024/11/23,2024/11/01,,,read,,,,1,0
900010,Ein Haus am Rand der Karte,Sophie Lind,"Lind, Sophie",,"=""3000000010""","=""9783000000103""",4,4.02,Atlas & Feder,Gebundene Ausgabe,298,2024,2024,2025/01/05,2024/12/24,,,read,,,,1,1
900011,Kupfer & Kreide,Max Ortmann,"Ortmann, Max",,"=""""","=""""",2,3.10,Eigenverlag,E-Book,,2024,2024,2025/03/18,2025/03/01,,,read,,,,1,0
900012,Die Bienen von Saarow,Anna Krüger,"Krüger, Anna",,"=""3000000012""","=""9783000000127""",5,4.40,Märkische Seiten,Taschenbuch,275,2024,2024,2025/04/22,2025/04/02,,,read,,,,1,0
900013,Fernweh in Moll,Noah Weber,"Weber, Noah",,"=""3000000013""","=""9783000000134""",3,3.60,Kieselverlag,Taschenbuch,410,2023,2023,2025/06/30,2025/06/01,,,read,,,,1,0
900014,Die Vermessung des Schweigens,Ruth Albers,"Albers, Ruth",,"=""3000000014""","=""9783000000141""",4,4.12,Nordlicht Verlag,Gebundene Ausgabe,502,2025,2025,2025/09/14,2025/08/20,,,read,,,,1,1
900015,"Das ""Große"" Winterbuch",Erik Stahl,"Stahl, Erik",,"=""3000000015""","=""9783000000158""",4,3.88,Wolkenhaus,Gebundene Ausgabe,188,2022,2022,2022/12/27,2022/12/01,,,read,,,,1,1
900016,Der Turm der Stunden,Vera Lang,"Lang, Vera",,"=""3000000016""","=""9783000000165""",0,4.01,Atlas & Feder,Taschenbuch,600,2025,2025,,2025/09/20,currently-reading,currently-reading (#1),currently-reading,,,,0,0
900017,Morgenrot über Riga,Mira Kask,"Kask, Mira",,"=""3000000017""","=""9783000000172""",0,3.77,Baltica,Taschenbuch,350,2025,2025,,2025/09/25,to-read,to-read (#1),to-read,,,,0,0
